"chid","spid","stkc","stkc_unit","tested_conc_unit","casn","chnm","dsstox_substance_id"
20006,"EX000404",20,"mM","uM","103-90-2","Acetaminophen","DTXSID2020006"
20006,"EX000295",20.6000003814697,"mM","uM","103-90-2","Acetaminophen","DTXSID2020006"
20027,"EX000298",20.1000003814697,"mM","uM","79-06-1","Acrylamide","DTXSID5020027"
20027,"EX000427",20,"mM","uM","79-06-1","Acrylamide","DTXSID5020027"
20040,"TP0001649G11",20,"mM","uM","309-00-2","Aldrin","DTXSID8020040"
20104,"EX000465",20,"mM","uM","7784-46-5","Sodium arsenite","DTXSID5020104"
20106,"EX000338",20,"mM","uM","50-81-7","L-Ascorbic acid","DTXSID5020106"
20107,"EPAPLT0167D08",19.9995994567871,"mM","uM","22839-47-0","Aspartame","DTXSID0020107"
20108,"EX000297",19.8999996185303,"mM","uM","50-78-2","Aspirin","DTXSID5020108"
20108,"EPAPLT0167G04",20.0002994537354,"mM","uM","50-78-2","Aspirin","DTXSID5020108"
20108,"TP0001649G04",20,"mM","uM","50-78-2","Aspirin","DTXSID5020108"
20112,"TP0001649E05",20,"mM","uM","1912-24-9","Atrazine","DTXSID9020112"
20114,"EX000302",19.7999992370605,"mM","uM","2465-27-2","Auramine hydrochloride","DTXSID9020114"
20116,"EPAPLT0167A06",20,"mM","uM","320-67-2","5-Azacytidine","DTXSID9020116"
20122,"EPAPLT0167C10",20.0004005432129,"mM","uM","86-50-0","Azinphos-methyl","DTXSID3020122"
20139,"EX000448",20,"mM","uM","50-32-8","Benzo(a)pyrene","DTXSID2020139"
20139,"EX000304",20.2999992370605,"mM","uM","50-32-8","Benzo(a)pyrene","DTXSID2020139"
20140,"EX000458",20,"mM","uM","532-32-1","Sodium benzoate","DTXSID1020140"
20160,"TP0001649H07",20,"mM","uM","82657-04-3","Bifenthrin","DTXSID9020160"
20166,"EX000311",1,"mM","uM","56-35-9","Bis(tributyltin)oxide","DTXSID9020166"
20166,"EX000447",20,"mM","uM","56-35-9","Bis(tributyltin)oxide","DTXSID9020166"
20182,"EX000312",20,"mM","uM","80-05-7","Bisphenol A","DTXSID7020182"
20182,"EX000420",20,"mM","uM","80-05-7","Bisphenol A","DTXSID7020182"
20194,"TP0001649F05",20,"mM","uM","10043-35-3","Boric acid (H3BO3)","DTXSID1020194"
20194,"EX000425",20,"mM","uM","10043-35-3","Boric acid (H3BO3)","DTXSID1020194"
20194,"EX000426",20,"mM","uM","10043-35-3","Boric acid (H3BO3)","DTXSID1020194"
20215,"EPAPLT0167B11",19.9997005462646,"mM","uM","25013-16-5","Butylated hydroxyanisole","DTXSID7020215"
20220,"TP0001649C03",20,"mM","uM","1948-33-0","tert-Butylhydroquinone","DTXSID6020220"
20226,"EX000477",100,"mM","uM","10108-64-2","Cadmium chloride","DTXSID6020226"
20226,"EPAPLT0167B04",20.0002994537354,"mM","uM","10108-64-2","Cadmium chloride","DTXSID6020226"
20232,"EX000396",20,"mM","uM","58-08-2","Caffeine","DTXSID0020232"
20232,"EX000315",20.2000007629395,"mM","uM","58-08-2","Caffeine","DTXSID0020232"
20243,"EX000316",19.8999996185303,"mM","uM","133-06-2","Captan","DTXSID9020243"
20243,"TP0001649F11",19.7000007629395,"mM","uM","133-06-2","Captan","DTXSID9020243"
20247,"EX000318",19.7999992370605,"mM","uM","63-25-2","Carbaryl","DTXSID9020247"
20247,"EPAPLT0167D01",20,"mM","uM","63-25-2","Carbaryl","DTXSID9020247"
20247,"EX000522",100,"mM","uM","63-25-2","Carbaryl","DTXSID9020247"
20249,"TP0001649E04",20,"mM","uM","1563-66-2","Carbofuran","DTXSID9020249"
20262,"EX000460",20,"mM","uM","133-90-4","Chloramben","DTXSID2020262"
20267,"TP0001649C05",20,"mM","uM","57-74-9","Chlordane","DTXSID7020267"
20267,"EX000435",20,"mM","uM","57-74-9","Chlordane","DTXSID7020267"
20268,"TP0001649F01",20,"mM","uM","115-28-6","Chlorendic acid","DTXSID2020268"
20321,"EPAPLT0167C07",20.0013999938965,"mM","uM","113-92-8","Chlorpheniramine maleate","DTXSID4020321"
20347,"EX000481",100,"mM","uM","56-72-4","Coumaphos","DTXSID2020347"
20347,"TT0000177A02",100,"mM","uM","56-72-4","Coumaphos","DTXSID2020347"
20373,"TP0001649A09",20,"mM","uM","72-54-8","p,p'-DDD","DTXSID4020373"
20374,"TP0001649C02",20,"mM","uM","72-55-9","p,p'-DDE","DTXSID9020374"
20375,"TP0001649D03",20,"mM","uM","50-29-3","DDT","DTXSID4020375"
20375,"EX000328",20.1000003814697,"mM","uM","50-29-3","DDT","DTXSID4020375"
20381,"EX000323",20.8500003814697,"mM","uM","52918-63-5","Deltamethrin","DTXSID8020381"
20381,"EX000423",20,"mM","uM","52918-63-5","Deltamethrin","DTXSID8020381"
20384,"EX000394",20,"mM","uM","50-02-2","Dexamethasone","DTXSID3020384"
20384,"EPAPLT0169F08",19.9992008209229,"mM","uM","50-02-2","Dexamethasone","DTXSID3020384"
20384,"EX000395",20,"mM","uM","50-02-2","Dexamethasone","DTXSID3020384"
20406,"EX000409",20,"mM","uM","439-14-5","Diazepam","DTXSID4020406"
20406,"EX000325",20.2999992370605,"mM","uM","439-14-5","Diazepam","DTXSID4020406"
20407,"EPAPLT0170D06",20,"mM","uM","333-41-5","Diazinon","DTXSID9020407"
20407,"EX000482",100,"mM","uM","333-41-5","Diazinon","DTXSID9020407"
20407,"TT0000177H01",100,"mM","uM","333-41-5","Diazinon","DTXSID9020407"
20409,"EX000326",10.1000003814697,"mM","uM","53-70-3","Dibenz(a,h)anthracene","DTXSID9020409"
20449,"EX000484",100,"mM","uM","62-73-7","Dichlorvos","DTXSID5020449"
20449,"TT0000177C01",10,"mM","uM","62-73-7","Dichlorvos","DTXSID5020449"
20453,"EX000329",20,"mM","uM","60-57-1","Dieldrin","DTXSID9020453"
20453,"EX000417",20,"mM","uM","60-57-1","Dieldrin","DTXSID9020453"
20458,"TT0000177E02",100,"mM","uM","2921-88-2","Chlorpyrifos","DTXSID4020458"
20458,"EX000384",20,"mM","uM","2921-88-2","Chlorpyrifos","DTXSID4020458"
20458,"EX000319",20,"mM","uM","2921-88-2","Chlorpyrifos","DTXSID4020458"
20462,"EX000457",20,"mM","uM","111-46-6","Diethylene glycol","DTXSID8020462"
20465,"EX000330",19.8700008392334,"mM","uM","56-53-1","Diethylstilbestrol","DTXSID3020465"
20465,"EX000432",20,"mM","uM","56-53-1","Diethylstilbestrol","DTXSID3020465"
20478,"EX000433",20,"mM","uM","695-53-4","Dimethadione","DTXSID2020478"
20479,"EX000486",100,"mM","uM","60-51-5","Dimethoate","DTXSID7020479"
20479,"EPAPLT0167G06",20.0093994140625,"mM","uM","60-51-5","Dimethoate","DTXSID7020479"
20479,"TT0000177H02",100,"mM","uM","60-51-5","Dimethoate","DTXSID7020479"
20501,"TP0001649D10",14.5,"mM","uM","1095-90-5","Methadone hydrochloride","DTXSID2020501"
20537,"EX000401",20,"mM","uM","147-24-0","Diphenhydramine hydrochloride","DTXSID4020537"
20537,"TP0001649G01",20,"mM","uM","147-24-0","Diphenhydramine hydrochloride","DTXSID4020537"
20541,"EX000381",20,"mM","uM","57-41-0","5,5-Diphenylhydantoin","DTXSID8020541"
20552,"EPAPLT0167E08",20.0004997253418,"mM","uM","562-10-7","Doxylamine succinate","DTXSID7020552"
20560,"TP0001649G06",20,"mM","uM","115-29-7","Endosulfan","DTXSID1020560"
20561,"TP0001649G09",20,"mM","uM","72-20-8","Endrin","DTXSID6020561"
20573,"TP0001649G08",20,"mM","uM","50-28-2","17beta-Estradiol","DTXSID0020573"
20573,"EX000331",20,"mM","uM","50-28-2","17beta-Estradiol","DTXSID0020573"
20597,"EX000450",20,"mM","uM","107-21-1","Ethylene glycol","DTXSID8020597"
20601,"EPAPLT0167C11",20,"mM","uM","96-45-7","Ethylene thiourea","DTXSID5020601"
20607,"EX000422",20,"mM","uM","117-81-7","Di(2-ethylhexyl) phthalate","DTXSID5020607"
20607,"EX000324",20,"mM","uM","117-81-7","Di(2-ethylhexyl) phthalate","DTXSID5020607"
20617,"TP0001649B10",20,"mM","uM","97-53-0","Eugenol","DTXSID9020617"
20627,"EX000462",20,"mM","uM","86386-73-4","Fluconazole","DTXSID3020627"
20630,"EX000466",20,"mM","uM","7681-49-4","Sodium fluoride","DTXSID2020630"
20634,"EX000412",20,"mM","uM","51-21-8","5-Fluorouracil","DTXSID2020634"
20634,"EX000290",20.6000003814697,"mM","uM","51-21-8","5-Fluorouracil","DTXSID2020634"
20635,"EX000468",20,"mM","uM","56296-78-7","Fluoxetine hydrochloride","DTXSID7020635"
20663,"TP0001649C06",20,"mM","uM","56-81-5","Glycerol","DTXSID9020663"
20679,"EX000334",20,"mM","uM","76-44-8","Heptachlor","DTXSID3020679"
20679,"EPAPLT0170C04",20,"mM","uM","76-44-8","Heptachlor","DTXSID3020679"
20679,"EX000436",20,"mM","uM","76-44-8","Heptachlor","DTXSID3020679"
20682,"EX000438",20,"mM","uM","118-74-1","Hexachlorobenzene","DTXSID2020682"
20686,"EX000340",19.8999996185303,"mM","uM","58-89-9","Lindane","DTXSID2020686"
20686,"EX000527",100,"mM","uM","58-89-9","Lindane","DTXSID2020686"
20690,"EX000335",20,"mM","uM","70-30-4","Hexachlorophene","DTXSID6020690"
20690,"EX000392",20,"mM","uM","70-30-4","Hexachlorophene","DTXSID6020690"
20732,"EPAPLT0167B06",20,"mM","uM","15687-27-1","Ibuprofen","DTXSID5020732"
20755,"EX000441",20,"mM","uM","54-85-3","Isoniazid","DTXSID8020755"
20770,"TP0001649G12",20,"mM","uM","143-50-0","Kepone","DTXSID1020770"
20784,"TP0001649D08",20,"mM","uM","75330-75-5","Lovastatin","DTXSID5020784"
20790,"EX000493",100,"mM","uM","1634-78-2","Malaoxon","DTXSID9020790"
20790,"TT0000177B03",100,"mM","uM","1634-78-2","Malaoxon","DTXSID9020790"
20791,"EPAPLT0167G08",20.0009002685547,"mM","uM","121-75-5","Malathion","DTXSID4020791"
20791,"TT0000177D02",100,"mM","uM","121-75-5","Malathion","DTXSID4020791"
20791,"EX000494",100,"mM","uM","121-75-5","Malathion","DTXSID4020791"
20794,"EX000418",20,"mM","uM","12427-38-2","Maneb","DTXSID9020794"
20811,"TP0001649C11",20,"mM","uM","7487-94-7","Mercuric chloride","DTXSID5020811"
20813,"EX000342",20,"mM","uM","115-09-3","Methylmercuric(II) chloride","DTXSID5020813"
20813,"EX000383",20,"mM","uM","115-09-3","Methylmercuric(II) chloride","DTXSID5020813"
20820,"TP0001649D01",20,"mM","uM","60-56-0","Methimazole","DTXSID4020820"
20822,"EX000445",20,"mM","uM","59-05-2","Methotrexate","DTXSID4020822"
20822,"EX000444",20,"mM","uM","59-05-2","Methotrexate","DTXSID4020822"
20827,"TP0001649E06",19.8999996185303,"mM","uM","72-43-5","Methoxychlor","DTXSID9020827"
20855,"EPAPLT0167H08",19.9964008331299,"mM","uM","298-00-0","Methyl parathion","DTXSID1020855"
20890,"TP0001649A12",20,"mM","uM","56-04-2","6-Methyl-2-thiouracil","DTXSID2020890"
20895,"TP0001649A02",20,"mM","uM","2385-85-5","Mirex","DTXSID7020895"
20910,"EX000434",20,"mM","uM","55-98-1","Busulfan","DTXSID3020910"
20910,"TP0001649A05",20,"mM","uM","55-98-1","Busulfan","DTXSID3020910"
20913,"EX000344",19.8999996185303,"mM","uM","91-20-3","Naphthalene","DTXSID8020913"
20930,"EX000416",20,"mM","uM","54-11-5","Nicotine","DTXSID1020930"
21073,"EX000414",20,"mM","uM","303-47-9","Ochratoxin A","DTXSID7021073"
21080,"EX000405",20,"mM","uM","73590-58-6","Omeprazole","DTXSID6021080"
21080,"EX000407",20,"mM","uM","73590-58-6","Omeprazole","DTXSID6021080"
21080,"EX000406",20,"mM","uM","73590-58-6","Omeprazole","DTXSID6021080"
21100,"TP0001649B11",20,"mM","uM","56-38-2","Parathion","DTXSID7021100"
21100,"EX000345",19.7000007629395,"mM","uM","56-38-2","Parathion","DTXSID7021100"
21102,"EPAPLT0167C03",20.0002994537354,"mM","uM","132-98-9","Penicillin VK","DTXSID7021102"
21122,"EX000348",20.3999996185303,"mM","uM","50-06-6","Phenobarbital","DTXSID5021122"
21123,"EX000349",20.1000003814697,"mM","uM","57-30-7","Phenobarbital sodium","DTXSID0021123"
21123,"EX000449",20,"mM","uM","57-30-7","Phenobarbital sodium","DTXSID0021123"
21124,"EX000455",20,"mM","uM","108-95-2","Phenol","DTXSID5021124"
21150,"TP0001649D11",20,"mM","uM","62-38-4","Phenylmercuric acetate","DTXSID7021150"
21166,"TP0001649A08",20,"mM","uM","51-03-6","Piperonyl butoxide","DTXSID1021166"
21206,"EX000516",100,"mM","uM","57-55-6","1,2-Propylene glycol","DTXSID0021206"
21209,"EX000421",20,"mM","uM","51-52-5","6-Propyl-2-thiouracil","DTXSID5021209"
21209,"TP0001649B07",20,"mM","uM","51-52-5","6-Propyl-2-thiouracil","DTXSID5021209"
21209,"EX000292",20.5,"mM","uM","51-52-5","6-Propyl-2-thiouracil","DTXSID5021209"
21237,"TP0001649A03",20,"mM","uM","50-55-5","Reserpine","DTXSID7021237"
21239,"EX000386",20,"mM","uM","302-79-4","all-trans-Retinoic acid","DTXSID7021239"
21248,"TP0001649H01",20,"mM","uM","83-79-4","Rotenone","DTXSID6021248"
21248,"EX000352",20.2000007629395,"mM","uM","83-79-4","Rotenone","DTXSID6021248"
21272,"EPAPLT0167B07",19.9997005462646,"mM","uM","7758-19-2","Sodium chlorite","DTXSID8021272"
21292,"EPAPLT0167C06",20,"mM","uM","127-69-5","Sulfisoxazole","DTXSID6021292"
21310,"EX000510",100,"mM","uM","23031-25-6","Terbutaline","DTXSID7021310"
21315,"EX000286",0.100000001490116,"mM","uM","1746-01-6","2,3,7,8-Tetrachlorodibenzo-p-dioxin","DTXSID2021315"
21322,"EX000356",20,"mM","uM","97-77-8","Tetraethylthiuram disulfide","DTXSID1021322"
21322,"TP0001649E11",20,"mM","uM","97-77-8","Tetraethylthiuram disulfide","DTXSID1021322"
21347,"EX000511",100,"mM","uM","141-90-2","Thiouracil","DTXSID4021347"
21360,"EX000358",19.7000007629395,"mM","uM","108-88-3","Toluene","DTXSID7021360"
21389,"TT0000177F01",100,"mM","uM","52-68-6","Trichlorfon","DTXSID0021389"
21389,"EX000513",100,"mM","uM","52-68-6","Trichlorfon","DTXSID0021389"
21389,"EPAPLT0170D03",20,"mM","uM","52-68-6","Trichlorfon","DTXSID0021389"
21391,"EX000359",20,"mM","uM","1330-78-5","Tris(methylphenyl) phosphate","DTXSID4021391"
21411,"EX000361",20.1000003814697,"mM","uM","115-96-8","Tris(2-chloroethyl) phosphate","DTXSID5021411"
21774,"TP0001649D09",20,"mM","uM","83-32-9","Acenaphthene","DTXSID3021774"
21774,"EX000293",20.3999996185303,"mM","uM","83-32-9","Acenaphthene","DTXSID3021774"
21917,"EX000343",20,"mM","uM","110-54-3","n-Hexane","DTXSID0021917"
21952,"EX000360",19.8999996185303,"mM","uM","115-86-6","Triphenyl phosphate","DTXSID1021952"
21992,"EX000403",20,"mM","uM","82385-42-0","Sodium saccharin hydrate","DTXSID7021992"
21992,"EX000353",20.2000007629395,"mM","uM","82385-42-0","Sodium saccharin hydrate","DTXSID7021992"
22018,"TP0001649F06",20,"mM","uM","298-04-4","Disulfoton","DTXSID0022018"
22018,"EPAPLT0167C04",20.0014991760254,"mM","uM","298-04-4","Disulfoton","DTXSID0022018"
22253,"TP0001649B12",20,"mM","uM","10453-86-8","Resmethrin","DTXSID7022253"
22254,"EX000509",100,"mM","uM","13071-79-9","Terbufos","DTXSID2022254"
22254,"TT0000177E01",100,"mM","uM","13071-79-9","Terbufos","DTXSID2022254"
22292,"EX000346",20.1000003814697,"mM","uM","52645-53-1","Permethrin","DTXSID8022292"
22292,"EX000463",20,"mM","uM","52645-53-1","Permethrin","DTXSID8022292"
22325,"TP0001649F03",20,"mM","uM","2971-36-0","2,2-Bis(4-hydroxyphenyl)-1,1,1-trichloroethane","DTXSID8022325"
22345,"TP0001649G03",20,"mM","uM","789-02-6","o,p'-DDT","DTXSID6022345"
22409,"EX000314",20.1000003814697,"mM","uM","80-09-1","4,4'-Sulfonyldiphenol","DTXSID3022409"
22432,"EX000320",9.69999980926514,"mM","uM","218-01-9","Chrysene","DTXSID0022432"
22442,"TP0001649H02",20,"mM","uM","77-40-7","Bisphenol B","DTXSID4022442"
22455,"EX000397",20,"mM","uM","131-11-3","Dimethyl phthalate","DTXSID3022455"
22519,"TP0001649H05",20,"mM","uM","59-30-3","Folic acid","DTXSID0022519"
22524,"EX000440",20,"mM","uM","50-35-1","Thalidomide","DTXSID9022524"
22524,"EX000357",20,"mM","uM","50-35-1","Thalidomide","DTXSID9022524"
22588,"EX000428",20,"mM","uM","54-62-6","Aminopterin","DTXSID3022588"
22602,"EPAPLT0167C02",19.9995002746582,"mM","uM","69-53-4","Ampicillin","DTXSID4022602"
22707,"EPAPLT0167A09",19.9995002746582,"mM","uM","36505-84-7","Buspirone","DTXSID2022707"
22731,"EX000470",20,"mM","uM","298-46-4","Carbamazepine","DTXSID4022731"
22808,"EX000480",100,"mM","uM","50-53-3","Chlorpromazine","DTXSID0022808"
22877,"EX000413",20,"mM","uM","147-94-4","Cytarabine","DTXSID3022877"
22991,"TP0001649D07",5,"mM","uM","114-07-8","Erythromycin","DTXSID4022991"
23039,"EPAPLT0167C01",19.9997005462646,"mM","uM","76824-35-6","Famotidine","DTXSID5023039"
23067,"EX000489",100,"mM","uM","54910-89-3","Fluoxetine","DTXSID7023067"
23235,"TP0001649B08",20,"mM","uM","69-65-8","D-Mannitol","DTXSID1023235"
23235,"EPAPLT0167F06",20,"mM","uM","69-65-8","D-Mannitol","DTXSID1023235"
23270,"EPAPLT0167A02",24.1937999725342,"mM","uM","657-24-9","Metformin","DTXSID2023270"
23309,"EPAPLT0167A04",20,"mM","uM","51384-51-1","Metoprolol","DTXSID2023309"
23322,"EPAPLT0167D09",20,"mM","uM","84371-65-3","Mifepristone","DTXSID5023322"
23349,"EX000501",100,"mM","uM","465-65-6","Naloxone","DTXSID8023349"
23581,"TP0001649C08",20,"mM","uM","79902-63-9","Simvastatin","DTXSID0023581"
23588,"EPAPLT0169A05",19.2672996520996,"mM","uM","50-70-4","D-Glucitol","DTXSID5023588"
23588,"EX000322",20.2000007629395,"mM","uM","50-70-4","D-Glucitol","DTXSID5023588"
23588,"EX000400",20,"mM","uM","50-70-4","D-Glucitol","DTXSID5023588"
23645,"TP0001649E03",20,"mM","uM","60-54-8","Tetracycline","DTXSID7023645"
23733,"EX000387",20,"mM","uM","99-66-1","Valproic acid","DTXSID6023733"
23742,"EPAPLT0167D02",20,"mM","uM","81-81-2","Warfarin","DTXSID5023742"
23764,"EX000306",19.8999996185303,"mM","uM","192-97-2","Benzo(e)pyrene","DTXSID3023764"
23845,"EX000294",20.1000003814697,"mM","uM","208-96-8","Acenaphthylene","DTXSID3023845"
23845,"TP0001649H08",20,"mM","uM","208-96-8","Acenaphthylene","DTXSID3023845"
23846,"EPAPLT0167A01",20,"mM","uM","30560-19-1","Acephate","DTXSID8023846"
23846,"TT0000177A04",100,"mM","uM","30560-19-1","Acephate","DTXSID8023846"
23846,"EX000474",100,"mM","uM","30560-19-1","Acephate","DTXSID8023846"
23878,"EPAPLT0167C05",20,"mM","uM","120-12-7","Anthracene","DTXSID0023878"
23878,"EX000301",19.8999996185303,"mM","uM","120-12-7","Anthracene","DTXSID0023878"
23892,"TP0001649H03",20,"mM","uM","71751-41-2","Abamectin","DTXSID8023892"
23900,"EPAPLT0167E06",19.9995994567871,"mM","uM","17804-35-2","Benomyl","DTXSID5023900"
23902,"EX000303",20.1000003814697,"mM","uM","56-55-3","Benz(a)anthracene","DTXSID5023902"
23902,"TP0001649B04",20,"mM","uM","56-55-3","Benz(a)anthracene","DTXSID5023902"
23907,"EX000305",19.6000003814697,"mM","uM","205-99-2","Benzo(b)fluoranthene","DTXSID0023907"
23907,"TP0001649G02",20,"mM","uM","205-99-2","Benzo(b)fluoranthene","DTXSID0023907"
23908,"EX000308",0.800000011920929,"mM","uM","191-24-2","Benzo(g,h,i)perylene","DTXSID5023908"
23909,"EX000307",19.7999992370605,"mM","uM","207-08-9","Benzo(k)fluoranthene","DTXSID0023909"
23914,"TT0000177H03",100,"mM","uM","141-66-2","Dicrotophos","DTXSID9023914"
23914,"EX000485",100,"mM","uM","141-66-2","Dicrotophos","DTXSID9023914"
23998,"EPAPLT0167G05",20.0013999938965,"mM","uM","52315-07-8","Cypermethrin","DTXSID1023998"
23998,"EX000523",100,"mM","uM","52315-07-8","Cypermethrin","DTXSID1023998"
24002,"TP0001649B05",20,"mM","uM","39515-41-8","Fenpropathrin","DTXSID0024002"
24091,"TP0001649A04",20,"mM","uM","759-94-4","EPTC","DTXSID1024091"
24102,"TP0001649D05",20,"mM","uM","22224-92-6","Fenamiphos","DTXSID3024102"
24105,"TP0001649H04",20,"mM","uM","86-73-7","Fluorene","DTXSID8024105"
24105,"EX000333",20,"mM","uM","86-73-7","Fluorene","DTXSID8024105"
24120,"EX000371",20,"mM","uM","77182-82-2","Glufosinate-ammonium","DTXSID1024120"
24122,"EX000408",20,"mM","uM","1071-83-6","Glyphosate","DTXSID1024122"
24126,"EX000437",20,"mM","uM","1024-57-3","Heptachlor epoxide B","DTXSID1024126"
24160,"EX000520",100,"mM","uM","77501-63-4","Lactofen","DTXSID7024160"
24169,"EX000495",100,"mM","uM","7439-96-5","Manganese","DTXSID2024169"
24170,"EPAPLT0167D03",19.9997005462646,"mM","uM","24307-26-4","1,1-Dimethylpiperidinium chloride","DTXSID1024170"
24174,"EX000512",100,"mM","uM","78-48-8","Tribufos","DTXSID1024174"
24174,"TT0000177F03",100,"mM","uM","78-48-8","Tribufos","DTXSID1024174"
24177,"EX000496",100,"mM","uM","10265-92-6","Methamidophos","DTXSID6024177"
24177,"TT0000177B02",100,"mM","uM","10265-92-6","Methamidophos","DTXSID6024177"
24177,"EPAPLT0167A08",20,"mM","uM","10265-92-6","Methamidophos","DTXSID6024177"
24182,"EX000443",20,"mM","uM","109-86-4","2-Methoxyethanol","DTXSID5024182"
24182,"EX000282",20.8999996185303,"mM","uM","109-86-4","2-Methoxyethanol","DTXSID5024182"
24198,"EX000497",100,"mM","uM","22967-92-6","Methyl mercury(II) cation","DTXSID9024198"
24206,"TP0001649A10",20,"mM","uM","2212-67-1","Molinate","DTXSID6024206"
24209,"EX000500",100,"mM","uM","300-76-5","Naled","DTXSID1024209"
24209,"TT0000177E03",100,"mM","uM","300-76-5","Naled","DTXSID1024209"
24235,"EX000518",100,"mM","uM","85509-19-9","Flusilazole","DTXSID3024235"
24243,"EX000464",20,"mM","uM","1910-42-5","Paraquat dichloride","DTXSID7024243"
24254,"TP0001649D02",20,"mM","uM","85-01-8","Phenanthrene","DTXSID6024254"
24254,"EX000347",19.6000003814697,"mM","uM","85-01-8","Phenanthrene","DTXSID6024254"
24261,"TT0000177C03",100,"mM","uM","732-11-6","Phosmet","DTXSID5024261"
24261,"EX000504",100,"mM","uM","732-11-6","Phosmet","DTXSID5024261"
24266,"TT0000177D03",100,"mM","uM","29232-93-7","Pirimiphos-methyl","DTXSID0024266"
24266,"EX000505",100,"mM","uM","29232-93-7","Pirimiphos-methyl","DTXSID0024266"
24289,"EX000351",20.1000003814697,"mM","uM","129-00-0","Pyrene","DTXSID3024289"
24344,"EPAPLT0167F05",20,"mM","uM","2303-17-5","Tri-allate","DTXSID5024344"
24602,"EX000309",20.1000003814697,"mM","uM","633-65-8","Berberine chloride","DTXSID8024602"
24701,"EPAPLT0169B03",20.0009002685547,"mM","uM","56803-37-3","tert-Butylphenyl diphenyl phosphate","DTXSID6024701"
24701,"EX000355",20.1000003814697,"mM","uM","56803-37-3","tert-Butylphenyl diphenyl phosphate","DTXSID6024701"
24827,"EX000469",20,"mM","uM","69-09-0","Chlorpromazine hydrochloride","DTXSID7024827"
24845,"EX000431",20,"mM","uM","64-86-8","Colchicine","DTXSID5024845"
24845,"EX000321",19.7999992370605,"mM","uM","64-86-8","Colchicine","DTXSID5024845"
24887,"EX000289",20.3999996185303,"mM","uM","203-64-5","4H-Cyclopenta(def)phenanthrene","DTXSID1024887"
24888,"EX000472",20,"mM","uM","6055-19-2","Cyclophosphamide monohydrate","DTXSID6024888"
24891,"EPAPLT0167E09",20,"mM","uM","69-74-9","Cytarabine hydrochloride","DTXSID5024891"
25300,"EX000280",20.2000007629395,"mM","uM","1241-94-7","2-Ethylhexyl diphenyl phosphate","DTXSID1025300"
25438,"EX000446",20,"mM","uM","127-07-1","Hydroxyurea","DTXSID6025438"
25438,"EX000336",20.2000007629395,"mM","uM","127-07-1","Hydroxyurea","DTXSID6025438"
25465,"EX000337",20.1000003814697,"mM","uM","29761-21-5","Isodecyl diphenyl phosphate","DTXSID3025465"
25509,"EX000451",20,"mM","uM","7447-41-8","Lithium chloride","DTXSID2025509"
25595,"EX000452",20,"mM","uM","110-26-9","N,N'-Methylenebisacrylamide","DTXSID8025595"
26081,"EX000454",20,"mM","uM","79-94-7","3,3',5,5'-Tetrabromobisphenol A","DTXSID1026081"
26081,"EX000288",20,"mM","uM","79-94-7","3,3',5,5'-Tetrabromobisphenol A","DTXSID1026081"
26252,"TP0001649E09",20,"mM","uM","101-02-0","Triphenyl phosphite","DTXSID0026252"
26259,"EPAPLT0167C08",19.0279998779297,"mM","uM","13674-84-5","Tris(2-chloroisopropyl)phosphate","DTXSID5026259"
26259,"EX000364",20,"mM","uM","13674-84-5","Tris(2-chloroisopropyl)phosphate","DTXSID5026259"
26261,"EX000453",20,"mM","uM","13674-87-8","Tris(1,3-dichloro-2-propyl) phosphate","DTXSID9026261"
27205,"EPAPLT0167H03",20.0006999969482,"mM","uM","556-67-2","Octamethylcyclotetrasiloxane","DTXSID7027205"
27279,"EX000296",19.6000003814697,"mM","uM","638-38-0","Manganese(II) acetate","DTXSID5027279"
27403,"TP0001649C09",20,"mM","uM","1461-22-9","Tributyltin chloride","DTXSID3027403"
27426,"1483054",30,"mM","uM","1691-99-2","N-Ethyl-N-(2-hydroxyethyl)perfluorooctanesulfonamide","DTXSID6027426"
27738,"EX000341",20,"mM","uM","12108-13-3","(Methylcyclopentadienyl)tricarbonylmanganese","DTXSID9027738"
27887,"EX000310",20,"mM","uM","26040-51-7","Bis(2-ethylhexyl) tetrabromophthalate","DTXSID7027887"
28038,"TP0001649E01",20,"mM","uM","55406-53-6","3-Iodo-2-propynyl-N-butylcarbamate","DTXSID0028038"
28038,"EX000317",19.8999996185303,"mM","uM","55406-53-6","3-Iodo-2-propynyl-N-butylcarbamate","DTXSID0028038"
28880,"EX000350",20.1000003814697,"mM","uM","68937-41-7","Triphenyl phosphates isopropylated","DTXSID4028880"
29871,"TP0001411E01",20,"mM","uM","23593-75-1","Clotrimazole","DTXSID7029871"
29904,"1475860",30,"mM","uM","678-39-7","8:2 Fluorotelomer alcohol","DTXSID7029904"
30030,"1483035",30,"mM","uM","375-73-5","Perfluorobutanesulfonic acid","DTXSID5030030"
30047,"EX000284",10,"mM","uM","68631-49-2","2,2',4,4',5,5'-Hexabromodiphenyl ether","DTXSID4030047"
30048,"EX000283",20,"mM","uM","60348-60-9","2,2',4,4',5-Pentabromodiphenyl ether","DTXSID9030048"
30056,"EX000461",20,"mM","uM","5436-43-1","2,2',4,4'-Tetrabromodiphenyl ether","DTXSID3030056"
30056,"EX000285",20,"mM","uM","5436-43-1","2,2',4,4'-Tetrabromodiphenyl ether","DTXSID3030056"
31356,"EPAPLT0167B01",19.9997005462646,"mM","uM","1772-03-8","Galactosamine hydrochloride","DTXSID4031356"
31521,"EX000385",20,"mM","uM","6080-56-4","Lead(II) acetate trihydrate","DTXSID3031521"
31521,"EX000339",20.1000003814697,"mM","uM","6080-56-4","Lead(II) acetate trihydrate","DTXSID3031521"
31591,"EX000442",20,"mM","uM","625-45-6","Methoxyacetic acid","DTXSID1031591"
31862,"1483053",30,"mM","uM","307-24-4","Perfluorohexanoic acid","DTXSID3031862"
31863,"1475847",30,"mM","uM","375-95-1","Perfluorononanoic acid","DTXSID8031863"
31864,"1475846",30,"mM","uM","1763-23-1","Perfluorooctanesulfonic acid","DTXSID3031864"
31865,"1483052",30,"mM","uM","335-67-1","Perfluorooctanoic acid","DTXSID8031865"
32113,"EX000354",20.2000007629395,"mM","uM","107534-96-3","Tebuconazole","DTXSID9032113"
32113,"EX000389",20,"mM","uM","107534-96-3","Tebuconazole","DTXSID9032113"
32192,"EPAPLT0167B02",20,"mM","uM","78-30-8","Tri-o-cresyl phosphate","DTXSID6032192"
32226,"EX000514",100,"mM","uM","997-50-2","Triethyl tin","DTXSID1032226"
32240,"EX000419",20,"mM","uM","56-24-6","Trimethyltin hydroxide","DTXSID9032240"
32329,"EX000476",100,"mM","uM","741-58-2","Bensulide","DTXSID9032329"
32329,"TT0000177A03",100,"mM","uM","741-58-2","Bensulide","DTXSID9032329"
32330,"EPAPLT0167A11",20,"mM","uM","1820573-27-0","beta-Cyfluthrin","DTXSID8032330"
32344,"TT0000177G03",100,"mM","uM","54593-83-8","Chlorethoxyfos","DTXSID2032344"
32344,"EX000479",100,"mM","uM","54593-83-8","Chlorethoxyfos","DTXSID2032344"
32352,"EPAPLT0167E05",20.0006008148193,"mM","uM","5598-13-0","Chlorpyrifos-methyl","DTXSID6032352"
32354,"TP0001649C01",20,"mM","uM","105512-06-9","Clodinafop-propargyl","DTXSID6032354"
32358,"EPAPLT0167D07",20.0235004425049,"mM","uM","57966-95-7","Cymoxanil","DTXSID6032358"
32358,"TP0001649H09",20,"mM","uM","57966-95-7","Cymoxanil","DTXSID6032358"
32442,"EX000526",100,"mM","uM","138261-41-3","Imidacloprid","DTXSID5032442"
32459,"EX000503",100,"mM","uM","298-02-2","Phorate","DTXSID4032459"
32459,"TT0000177F02",100,"mM","uM","298-02-2","Phorate","DTXSID4032459"
32464,"EX000506",100,"mM","uM","41198-08-7","Profenofos","DTXSID3032464"
32464,"TT0000177A01",10,"mM","uM","41198-08-7","Profenofos","DTXSID3032464"
32482,"TT0000177C02",100,"mM","uM","96182-53-5","Tebupirimfos","DTXSID1032482"
32482,"EX000508",100,"mM","uM","96182-53-5","Tebupirimfos","DTXSID1032482"
32498,"TP0001649H12",20,"mM","uM","3380-34-5","Triclosan","DTXSID5032498"
32519,"EPAPLT0167A05",20.0004005432129,"mM","uM","135158-54-2","Acibenzolar-S-methyl","DTXSID1032519"
32520,"TP0001649G05",20,"mM","uM","131860-33-8","Azoxystrobin","DTXSID0032520"
32552,"TP0001649F04",20,"mM","uM","142459-58-3","Flufenacet","DTXSID2032552"
32552,"EPAPLT0167E04",19.9995994567871,"mM","uM","142459-58-3","Flufenacet","DTXSID2032552"
32559,"EPAPLT0167H06",17.1387004852295,"mM","uM","91465-08-6","?-Cyhalothrin","DTXSID7032559"
32562,"TP0001649H11",20,"mM","uM","113-48-4","Octylbicycloheptenedicarboximide","DTXSID6032562"
32572,"TP0001649F10",19.8999996185303,"mM","uM","23031-36-9","Prallethrin","DTXSID0032572"
32577,"TP0001649E08",20,"mM","uM","79538-32-2","Tefluthrin","DTXSID5032577"
32580,"TP0001649G10",20,"mM","uM","141517-21-7","Trifloxystrobin","DTXSID4032580"
32610,"TP0001649H10",20,"mM","uM","80844-07-1","Etofenprox","DTXSID9032610"
32611,"EX000488",100,"mM","uM","13194-48-4","Ethoprop","DTXSID4032611"
32611,"TT0000177D01",100,"mM","uM","13194-48-4","Ethoprop","DTXSID4032611"
32613,"TP0001649F08",20,"mM","uM","122-14-5","Fenitrothion","DTXSID4032613"
32637,"EPAPLT0167F07",20,"mM","uM","123312-89-0","Pymetrozine","DTXSID2032637"
32638,"TP0001649F09",20,"mM","uM","175013-18-0","Pyraclostrobin","DTXSID7032638"
32646,"1483036",30,"mM","uM","4151-50-2","N-Ethylperfluorooctanesulfonamide","DTXSID1032646"
32648,"EX000515",100,"mM","uM","22248-79-9","Z-Tetrachlorvinphos","DTXSID1032648"
32648,"TT0000177B01",100,"mM","uM","22248-79-9","Z-Tetrachlorvinphos","DTXSID1032648"
32649,"TP0001649A11",20,"mM","uM","7696-12-0","Tetramethrin","DTXSID6032649"
32667,"TP0001649C10",20,"mM","uM","66230-04-4","Esfenvalerate","DTXSID4032667"
32690,"EPAPLT0167E10",20,"mM","uM","173584-44-6","Indoxacarb","DTXSID1032690"
34150,"EX000410",20,"mM","uM","52-86-8","Haloperidol","DTXSID4034150"
34187,"TP0001649B03",10,"mM","uM","10540-29-1","Tamoxifen","DTXSID1034187"
34212,"EX000519",100,"mM","uM","118134-30-8","Spiroxamine","DTXSID1034212"
34232,"TP0001649D06",20,"mM","uM","101-10-0","Cloprop","DTXSID9034232"
34286,"EX000517",100,"mM","uM","26172-55-4","5-Chloro-2-methyl-3(2H)-isothiazolone","DTXSID9034286"
34300,"EX000521",100,"mM","uM","135410-20-7","Acetamiprid","DTXSID0034300"
34392,"TP0001649B09",20,"mM","uM","188425-85-6","Boscalid","DTXSID6034392"
34392,"EPAPLT0167D05",21.0365009307861,"mM","uM","188425-85-6","Boscalid","DTXSID6034392"
34465,"EPAPLT0167C09",19.9995002746582,"mM","uM","210880-92-5","Clothianidin","DTXSID2034465"
34465,"TP0001649F07",20,"mM","uM","210880-92-5","Clothianidin","DTXSID2034465"
34549,"EPAPLT0167H01",19.1380996704102,"mM","uM","165252-70-0","Dinotefuran","DTXSID7034549"
34566,"EX000524",100,"mM","uM","155569-91-8","Emamectin benzoate","DTXSID0034566"
34590,"EPAPLT0167E02",19.9995994567871,"mM","uM","161326-34-7","Fenamidone","DTXSID2034590"
34609,"EX000525",100,"mM","uM","120068-37-3","Fipronil","DTXSID4034609"
34625,"TP0001649C07",20,"mM","uM","361377-29-9","Fluoxastrobin","DTXSID2034625"
34695,"TP0001649B02",10,"mM","uM","8018-01-7","Mancozeb","DTXSID0034695"
34695,"EPAPLT0167A10",10.0288000106812,"mM","uM","8018-01-7","Mancozeb","DTXSID0034695"
34722,"EPAPLT0167D10",8.55832004547119,"mM","uM","210631-68-8","Topramezone","DTXSID0034722"
34928,"EPAPLT0167D04",20,"mM","uM","148477-71-8","Spirodiclofen","DTXSID6034928"
34928,"TP0001649D12",20,"mM","uM","148477-71-8","Spirodiclofen","DTXSID6034928"
34930,"EX000490",100,"mM","uM","98886-44-3","Fosthiazate","DTXSID0034930"
34930,"TT0000177B04",100,"mM","uM","98886-44-3","Fosthiazate","DTXSID0034930"
34961,"TP0001649E07",20,"mM","uM","111988-49-9","Thiacloprid","DTXSID7034961"
34962,"TP0001649E10",20,"mM","uM","153719-23-4","Thiamethoxam","DTXSID2034962"
35180,"EPAPLT0167B05",19.6809005737305,"mM","uM","584-79-2","Allethrin","DTXSID8035180"
35180,"TP0001649F12",20,"mM","uM","584-79-2","Allethrin","DTXSID8035180"
35204,"TP0001649D04",20,"mM","uM","2155-70-6","Tributyltin methacrylate","DTXSID9035204"
35957,"EPAPLT0167F10",20.0002002716064,"mM","uM","68359-37-5","Cyfluthrin","DTXSID5035957"
35957,"TP0001649F02",20,"mM","uM","68359-37-5","Cyfluthrin","DTXSID5035957"
36711,"EX000415",20,"mM","uM","38966-21-1","Aphidicolin","DTXSID5036711"
37044,"EX000399",20,"mM","uM","26787-78-0","Amoxicillin","DTXSID3037044"
37044,"EX000300",17.1000003814697,"mM","uM","26787-78-0","Amoxicillin","DTXSID3037044"
37072,"EX000439",20,"mM","uM","1069-66-5","Sodium valproate","DTXSID5037072"
37072,"EX000363",20.1000003814697,"mM","uM","1069-66-5","Sodium valproate","DTXSID5037072"
37197,"EX000456",20,"mM","uM","62571-86-2","Captopril","DTXSID1037197"
37197,"EPAPLT0169G09",20,"mM","uM","62571-86-2","Captopril","DTXSID1037197"
37269,"EX000499",100,"mM","uM","13721-39-6","Sodium orthovanadate","DTXSID2037269"
37523,"TT0000177G01",100,"mM","uM","962-58-3","Diazoxon","DTXSID5037523"
37523,"EX000483",100,"mM","uM","962-58-3","Diazoxon","DTXSID5037523"
37555,"EPAPLT0167G07",19.3866996765137,"mM","uM","102851-06-9","tau-Fluvalinate","DTXSID7037555"
37580,"TT0000177C04",100,"mM","uM","1113-02-6","Omethoate","DTXSID4037580"
37580,"EX000502",100,"mM","uM","1113-02-6","Omethoate","DTXSID4037580"
37706,"1475856",30,"mM","uM","2795-39-3","Potassium perfluorooctanesulfonate","DTXSID8037706"
37706,"EPAPLT0167H09",20,"mM","uM","2795-39-3","Potassium perfluorooctanesulfonate","DTXSID8037706"
37707,"1483044",30,"mM","uM","29420-49-3","Potassium perfluorobutanesulfonate","DTXSID3037707"
37708,"1483051",30,"mM","uM","3825-26-1","Ammonium perfluorooctanoate","DTXSID8037708"
37709,"1475861",30,"mM","uM","3871-99-6","Potassium perfluorohexanesulfonate","DTXSID3037709"
37709,"1483055",30,"mM","uM","3871-99-6","Potassium perfluorohexanesulfonate","DTXSID3037709"
37717,"EX000313",19.8999996185303,"mM","uM","1478-61-1","Bisphenol AF","DTXSID7037717"
37717,"TP0001649A01",20,"mM","uM","1478-61-1","Bisphenol AF","DTXSID7037717"
38443,"EX000382",20,"mM","uM","50-36-2","Cocaine","DTXSID2038443"
38666,"EX000379",20,"mM","uM","5598-15-2","Chlorpyrifos oxon","DTXSID1038666"
38666,"EX000378",20,"mM","uM","5598-15-2","Chlorpyrifos oxon","DTXSID1038666"
38666,"EX000375",20,"mM","uM","5598-15-2","Chlorpyrifos oxon","DTXSID1038666"
38666,"TT0000177G02",100,"mM","uM","5598-15-2","Chlorpyrifos oxon","DTXSID1038666"
38666,"EX000377",20,"mM","uM","5598-15-2","Chlorpyrifos oxon","DTXSID1038666"
38666,"EX000376",20,"mM","uM","5598-15-2","Chlorpyrifos oxon","DTXSID1038666"
38939,"1475859",30,"mM","uM","754-91-6","Perfluorooctanesulfonamide","DTXSID3038939"
39223,"EX000429",20,"mM","uM","116-06-3","Aldicarb","DTXSID0039223"
39223,"EX000299",20.2000007629395,"mM","uM","116-06-3","Aldicarb","DTXSID0039223"
39336,"TP0001649B01",20,"mM","uM","28434-00-6","S-Bioallethrin","DTXSID2039336"
40183,"EX000388",20,"mM","uM","7790-78-5","Cadmium(II) chloride hydrate (2:5)","DTXSID4040183"
40373,"EPAPLT0167A03",19.9993991851807,"mM","uM","139968-49-3","Metaflumizone","DTXSID6040373"
40681,"EX000467",20,"mM","uM","7773-01-5","Manganese dichloride","DTXSID9040681"
40684,"EX000498",100,"mM","uM","73573-88-3","Mevastatin","DTXSID4040684"
40712,"EX000473",20,"mM","uM","2767-54-6","Triethyltin bromide","DTXSID9040712"
40742,"EPAPLT0167F08",20.0002994537354,"mM","uM","124-94-7","Triamcinolone","DTXSID1040742"
41059,"EX000398",20,"mM","uM","7758-95-4","Lead chloride","DTXSID1041059"
41150,"EX000362",19.8999996185303,"mM","uM","2001-95-8","Valinomycin","DTXSID9041150"
41201,"EPAPLT0167F02",20,"mM","uM","67375-30-8","alpha-Cypermethrin","DTXSID7041201"
41464,"EX000287",20.3999996185303,"mM","uM","111-94-4","3,3'-Iminobispropanenitrile","DTXSID2041464"
42326,"1475819",30,"mM","uM","163702-08-7","Perfluoroisobutyl methyl ether","DTXSID5042326"
43709,"EX000430",20,"mM","uM","4449-51-8","Cyclopamine","DTXSID6043709"
44175,"TP0001649E02",5.21750020980835,"mg/ml","mg/l","8000-34-8","Clove leaf oil","DTXSID8044175"
44572,"1483045",30,"mM","uM","647-42-7","6:2 Fluorotelomer alcohol","DTXSID5044572"
44584,"EPAPLT0167E07",19.9995994567871,"mM","uM","14611-52-0","Selegiline hydrochloride","DTXSID9044584"
45165,"EX000492",100,"mM","uM","53179-11-6","Loperamide","DTXSID6045165"
45437,"EX000393",20,"mM","uM","23031-32-5","Terbutaline hemisulfate","DTXSID3045437"
45838,"EX000291",20.1000003814697,"mM","uM","28094-15-7","Oxidopamine hydrochloride","DTXSID0045838"
46022,"EX000478",100,"mM","uM","58-25-3","Chlordiazepoxide","DTXSID4046022"
46516,"1475841",30,"mM","uM","333-36-8","Flurothyl","DTXSID5046516"
46614,"1475826",30,"mM","uM","28523-86-6","Sevoflurane","DTXSID8046614"
47037,"EPAPLT0167H07",20,"mM","uM","335104-84-2","Tembotrione","DTXSID5047037"
47240,"EPAPLT0167D11",20,"mM","uM","6106-04-3","Sodium L-glutamate hydrate","DTXSID0047240"
47254,"TP0001649C04",20,"mM","uM","220860-50-4","CP-457920","DTXSID4047254"
47258,"TP0001649C12",20,"mM","uM","124378-77-4","Enadoline","DTXSID4047258"
47276,"TP0001649A06",20,"mM","uM","194098-25-4","CP-409092","DTXSID2047276"
47330,"TP0001649B06",20,"mM","uM","NOCAS_47330","PharmaGSID_47330","DTXSID9047330"
47344,"TP0001649G07",14.8999996185303,"mM","uM","159138-81-5","Cariporide mesylate","DTXSID3047344"
47525,"TP0001649E12",10,"mM","uM","81131-70-6","Pravastatin sodium","DTXSID6047525"
47542,"TP0001649A07",20,"mM","uM","117428-22-5","Picoxystrobin","DTXSID9047542"
47553,"TP0001411E11",20,"mM","uM","2058-94-8","Perfluoroundecanoic acid","DTXSID8047553"
47558,"1483026",30,"mM","uM","2144-53-8","6:2 Fluorotelomer methacrylate","DTXSID3047558"
47565,"TP0001413A04",5,"mM","uM","2043-57-4","1H,1H,2H,2H-Perfluorooctyl iodide","DTXSID2047565"
47575,"1483027",30,"mM","uM","19430-93-4","3,3,4,4,5,5,6,6,6-Nonafluorohexene","DTXSID6047575"
47576,"EX000459",20,"mM","uM","486-56-6","Cotinine","DTXSID1047576"
47672,"EPAPLT0167F09",15.1232995986938,"mM","uM","272451-65-7","Flubendiamide","DTXSID4047672"
47889,"EX000278",20.2000007629395,"mM","uM","848641-69-0","1-Ethyl-3-methylimidazolium diethylphosphate","DTXSID9047889"
48175,"TP0001649H06",20,"mM","uM","151506-44-4","Difpas-pyrazole","DTXSID6048175"
49245,"EX000327",19.8999996185303,"mM","uM","215-58-7","Dibenz[a,c]anthracene","DTXSID9049245"
51419,"1483037",30,"mM","uM","1652-63-7","Perfluorooctanesulfonamido ammonium iodide","DTXSID8051419"
51446,"EX000424",20,"mM","uM","329-89-5","6-aminopyridine-3-carboxamide","DTXSID5051446"
52686,"EX000281",20,"mM","uM","183658-27-7","2-Ethylhexyl 2,3,4,5-tetrabromobenzoate","DTXSID9052686"
57865,"EX000402",20,"mM","uM","51-63-8","Dextroamphetamine sulfate","DTXSID2057865"
59832,"1475820",30,"mM","uM","335-99-9","1H,1H,7H-Dodecafluoro-1-heptanol","DTXSID9059832"
59879,"1475814",30,"mM","uM","355-80-6","1H,1H,5H-Perfluoropentanol","DTXSID0059879"
59881,"1475853",30,"mM","uM","356-24-1","Heptafluorobutyryl methyl ester","DTXSID4059881"
59914,"1475822",30,"mM","uM","375-01-9","1H,1H-Heptafluorobutanol","DTXSID4059914"
59916,"1483029",30,"mM","uM","375-22-4","Perfluorobutanoic acid","DTXSID4059916"
59927,"1483033",30,"mM","uM","376-90-9","Hexafluoroamylene glycol","DTXSID3059927"
60965,"1475816",30,"mM","uM","662-50-0","Heptafluorobutyramide","DTXSID2060965"
61826,"1475849",30,"mM","uM","1623-05-8","Perfluoro(propyl vinyl ether)","DTXSID0061826"
62122,"1475851",30,"mM","uM","2043-47-2","4:2 Fluorotelomer alcohol","DTXSID1062122"
67629,"1475855",30,"mM","uM","31506-32-8","N-Methylperfluorooctanesulfonamide","DTXSID1067629"
73118,"1483041",30,"mM","uM","163702-05-4","Ethyl perfluorobutyl ether","DTXSID0073118"
73901,"1475835",30,"mM","uM","406-58-6","1,1,1,3,3-Pentafluorobutane","DTXSID5073901"
74059,"1483032",30,"mM","uM","56860-81-2","Difluoromethyl 1H,1H-perfluoropropyl ether","DTXSID0074059"
157932,"EX000475",100,"mM","uM","133052-90-1","Bisindolylmaleimide I","DTXSID50157932"
170109,"1475818",30,"mM","uM","1763-28-6","3,3-Bis(trifluoromethyl)-2-propenoic acid","DTXSID30170109"
187455,"EX000391",20,"mM","uM","33795-24-3","L-Ketamine hydrochloride","DTXSID90187455"
190946,"1475852",30,"mM","uM","375-02-0","Perfluorobutyraldehyde","DTXSID10190946"
199452,"EX000471",20,"mM","uM","51481-60-8","Naloxone hydrochloride dihydrate","DTXSID90199452"
218052,"1475828",30,"mM","uM","678-78-4","Perfluoroglutaryl difluoride","DTXSID50218052"
274073,"EX000491",100,"mM","uM","15347-57-6","Lead acetate","DTXSID10274073"
274180,"EX000487",100,"mM","uM","14277-97-5","L-Domoic acid","DTXSID20274180"
275806,"1475830",30,"mM","uM","1694-30-0","3H-Perfluoro-4-hydroxy-3-penten-2-one","DTXSID90275806"
285748,"1483042",30,"mM","uM","374-41-4","Methyl perfluoroethyl ketone","DTXSID90285748"
310730,"1475839",30,"mM","uM","355-66-8","Octafluoroadipamide","DTXSID80310730"
328386,"EX000507",100,"mM","uM","1177865-17-6","NSC 23766 trihydrochloride","DTXSID90328386"
335700,"1475845",30,"mM","uM","424-18-0","Methyl perfluorohexanoate","DTXSID20335700"
337466,"1483034",30,"mM","uM","2648-47-7","5H-Perfluoropentanal","DTXSID20337466"
366226,"1475823",30,"mM","uM","355-81-7","Perfluoropentanamide","DTXSID70366226"
370988,"1483040",30,"mM","uM","15242-17-8","Allyl perfluoroisopropyl ether","DTXSID10370988"
375106,"1475836",30,"mM","uM","55621-21-1","Perfluoro-3,6-dioxaoctane-1,8-dioic acid","DTXSID20375106"
375107,"1475858",30,"mM","uM","423-65-4","11:1 Fluorotelomer alcohol","DTXSID80375107"
375114,"1475844",30,"mM","uM","330562-41-9","Perfluoro-3,6,9-trioxatridecanoic acid","DTXSID50375114"
377821,"1475817",30,"mM","uM","3792-02-7","4:4 Fluorotelomer alcohol","DTXSID60377821"
377826,"1475825",30,"mM","uM","355-27-1","1H,1H-Perfluoropentylamine","DTXSID60377826"
378880,"1475854",30,"mM","uM","74427-22-8","2,2-Difluoroethyl triflate","DTXSID30378880"
379269,"1475832",30,"mM","uM","679-02-7","3-(Perfluoropropyl)propanol","DTXSID60379269"
379270,"1475834",30,"mM","uM","355-95-3","1-Propenylperfluoropropane","DTXSID70379270"
379295,"1475831",30,"mM","uM","77953-71-0","3H-Perfluoro-2,2,4,4-tetrahydroxypentane","DTXSID70379295"
379359,"1475813",30,"mM","uM","239795-57-4","2-Vinylperfluorobutane","DTXSID50379359"
379730,"1483030",30,"mM","uM","813-03-6","5H-Octafluoropentanoyl fluoride","DTXSID70379730"
379850,"1475838",30,"mM","uM","1767-94-8","6H-Perfluorohex-1-ene","DTXSID10379850"
380257,"1475837",30,"mM","uM","243139-64-2","3-(Perfluoroisopropyl)-2-propenoic acid","DTXSID40380257"
381090,"1475857",30,"mM","uM","129301-42-4","1H,1H,8H,8H-Perfluoro-3,6-dioxaoctane-1,8-diol","DTXSID70381090"
381992,"1475833",30,"mM","uM","883498-76-8","Bis(1H,1H-perfluoropropyl)amine","DTXSID50381992"
382063,"1483043",30,"mM","uM","151772-58-6","Perfluoro-3,6-dioxaheptanoic acid","DTXSID30382063"
382093,"1475812",30,"mM","uM","31253-34-6","2-Aminohexafluoropropan-2-ol","DTXSID80382093"
382147,"1475827",30,"mM","uM","125070-38-4","3-(Perfluoro-2-butyl)propane-1,2-diol","DTXSID10382147"
395037,"1475842",30,"mM","uM","58244-27-2","tris(Trifluoroethoxy)methane","DTXSID30395037"
400587,"1475829",30,"mM","uM","13485-61-5","Nonafluoropentanamide","DTXSID60400587"
441560,"1475815",30,"mM","uM","132424-36-3","Methyl 2H,2H,3H,3H-perfluoroheptanoate","DTXSID50441560"
442840,"1483039",30,"mM","uM","329710-76-1","2-(Trifluoromethoxy)ethyl trifluoromethanesulfonate","DTXSID00442840"
481246,"1475824",30,"mM","uM","1619-92-7","2-Amino-2H-perfluoropropane","DTXSID70481246"
500450,"1475850",30,"mM","uM","863090-89-5","Perfluoro(4-methoxybutanoic) acid","DTXSID60500450"
858855,"EX000380",20,"mM","uM","143-36-2","Iodomethylmercury","DTXSID90858855"
861913,"1483031",30,"mM","uM","375-72-4","Perfluorobutanesulfonyl fluoride","DTXSID20861913"
870515,"1475840",30,"mM","uM","356-42-3","Pentafluoropropanoic anhydride","DTXSID70870515"
874028,"1483028",30,"mM","uM","914637-49-3","2H,2H,3H,3H-Perfluorooctanoic acid","DTXSID20874028"
880006,"EX000411",20,"mM","uM","34552-83-5","4-(4-Chlorophenyl)-4-hydroxy-N,N-dimethyl-alpha,alpha-diphenylpiperidine-1-butyramide monohydrochloride","DTXSID00880006"
880040,"EX000279",18.7999992370605,"mM","uM","36913-39-0","1-Methyl-4-phenylpyridinium iodide","DTXSID40880040"
880060,"EX000390",20,"mM","uM","438-41-5","Chlordiazepoxide hydrochloride","DTXSID40880060"
880073,"EX000332",20,"mM","uM","860302-33-6","Firemaster 550","DTXSID70880073"
880134,"1475821",30,"mM","uM","374-40-3","1-Pentafluoroethylethanol","DTXSID70880134"
880215,"1475848",30,"mM","uM","13252-13-6","Perfluoro-2-methyl-3-oxahexanoic acid","DTXSID70880215"
891564,"1475843",30,"mM","uM","757124-72-4","4:2 Fluorotelomer sulfonic acid","DTXSID30891564"
892417,"1483038",30,"mM","uM","679-12-9","4H-Perfluorobutanoic acid","DTXSID50892417"
1020544,"EX000372",20,"mM","uM","35597-44-5","Glufosinate-P","DTXSID401020544"
1020544,"EX000373",20,"mM","uM","35597-44-5","Glufosinate-P","DTXSID401020544"
1020545,"EX000374",20,"mM","uM","73777-50-1","Glufosinate-P ammonium","DTXSID101020545"
